{"id": "cba71c8b-548d-4ebb-b18d-8d056207fd05", "timestamp": "2025-05-08T20:48:56.153079", "amount": 189.1, "is_fraud": 0, "features": {"V1": 1.13208740852068, "V2": -0.0349882346044465, "V3": 1.21358293961424, "V4": 1.34517853579611, "V5": -0.787729666053866, "V6": 0.199490451626545, "V7": -0.669372795374325, "V8": 0.229968529023078, "V9": 0.772649154419099, "V10": -0.110195330147577, "V11": -0.55790891215302, "V12": 0.207537202740762, "V13": -0.318068745155505, "V14": -0.156710136641418, "V15": 0.876500238687514, "V16": 0.0091944428063302, "V17": -0.120643484517759, "V18": -0.20071173701252, "V19": -0.839692060042871, "V20": -0.200125433001798, "V21": 0.143929861859426, "V22": 0.616617699529098, "V23": -0.0497407349562691, "V24": 0.0919742330912962, "V25": 0.421724404020154, "V26": -0.211272843703122, "V27": 0.0825851107047778, "V28": 0.0309589078945873, "Time": 20.0, "Amount": 189.1}}