{"timestamp": "2025-05-08T20:48:54.547181", "amount": 212.5, "is_fraud": 0, "features": {"V1": 1.06383947810873, "V2": -2.13290655540876, "V3": 0.991005084969605, "V4": -0.736560222064324, "V5": -2.21565098919296, "V6": 0.441930750272516, "V7": -1.44424096983018, "V8": 0.122869380897754, "V9": -0.410647710409805, "V10": 0.926220181638345, "V11": -1.90782861097115, "V12": -0.403773689847733, "V13": 0.320930425812922, "V14": -1.49188655276474, "V15": -2.12168991132274, "V16": -1.149512910619, "V17": 1.23617607040647, "V18": -0.301479204837067, "V19": 0.692919309588522, "V20": 0.0460396420775744, "V21": -0.378737535648282, "V22": -0.69619632018256, "V23": -0.176786591951178, "V24": -0.0978879902734714, "V25": 0.356693964208671, "V26": -0.200963405640272, "V27": 0.059097699234854, "V28": 0.0586098320679523}}