{"id": "aa7f7412-14b0-4089-b5da-4e82779210b3", "timestamp": "2025-05-08T20:48:55.769084", "amount": 1.0, "is_fraud": 1, "features": {"V1": -1.34804164426498, "V2": 2.52282067569291, "V3": -0.782432259389823, "V4": 4.08304665188122, "V5": -0.662280329645865, "V6": -0.598775712530929, "V7": -1.94355185121781, "V8": -0.329578950885032, "V9": -1.85327422572214, "V10": -3.16213595485783, "V11": 1.53319383793753, "V12": -4.63512694781183, "V13": -1.11357273401976, "V14": -6.4358707376348, "V15": -0.293191947937035, "V16": -2.84993079536978, "V17": -3.65425828769231, "V18": -1.18303413658687, "V19": 0.831623853010765, "V20": 0.348896285038196, "V21": 1.07987140816824, "V22": -0.352026410347836, "V23": -0.218357652796912, "V24": 0.125865683985355, "V25": -0.0741801756408069, "V26": 0.17911552652805, "V27": 0.612579819202836, "V28": 0.234206089600607}}