{"id": "574a7cef-62c5-4be6-8d97-48a71b92816a", "timestamp": "2025-05-08T20:48:57.009499", "amount": 23.63, "is_fraud": 1, "features": {"V1": -0.854126207092289, "V2": -0.244547258362798, "V3": 1.50532712009593, "V4": 0.0603575736447599, "V5": 1.53803599258098, "V6": 0.438734789889761, "V7": 0.427958906631362, "V8": -0.142823223741586, "V9": 0.250809791691301, "V10": 0.0707508975363907, "V11": -0.411481078780403, "V12": -0.18206748143284, "V13": -0.437732126782553, "V14": -0.348032363633185, "V15": -0.229080170590704, "V16": 0.810819804168434, "V17": -1.5894865602101, "V18": 0.853343185340655, "V19": 0.368849686786903, "V20": 0.0437768807667385, "V21": -0.384132663660823, "V22": -0.917461314201753, "V23": -0.363756103670077, "V24": -1.47379280505765, "V25": 0.644302671302937, "V26": -0.836789892949778, "V27": -0.509243139048169, "V28": -0.49815939660015}}