{"id": "be89123b-700d-4fc6-94ec-7575d5d3f62f", "timestamp": "2025-05-08T20:48:55.093247", "amount": 28.99, "is_fraud": 1, "features": {"V1": 2.13966330522283, "V2": -1.7702102245663, "V3": -0.990459753850196, "V4": -1.70878232338076, "V5": -1.23296131091425, "V6": 0.0813171722283754, "V7": -1.38524635671634, "V8": 0.0891068746986684, "V9": -1.12824499716339, "V10": 1.71409028850406, "V11": 0.0852322166761459, "V12": -0.80174083333028, "V13": -0.531887380981706, "V14": -0.171758028474302, "V15": -0.576014649232839, "V16": -0.0313772328950839, "V17": 0.0661449677372575, "V18": 0.823388422166745, "V19": 0.234111459079428, "V20": -0.304124062437443, "V21": -0.0963460198251026, "V22": -0.0247501991503956, "V23": 0.17828631851727, "V24": 0.234806352765668, "V25": -0.295389573350293, "V26": -0.206196758586265, "V27": -0.002610633094705, "V28": -0.0419684037943456}}