{"id": "3606b8ff-4a63-4f28-939e-73e29bd947c6", "timestamp": "2025-05-08T20:48:56.543912", "amount": 743.66, "is_fraud": 0, "features": {"V1": 1.8464228964667, "V2": -0.380310794000238, "V3": -2.73570162332678, "V4": 0.0383842654579742, "V5": 0.712727219773468, "V6": -1.35095323526004, "V7": 1.11215704950447, "V8": -0.559999798375478, "V9": -0.0862872531966987, "V10": 0.138531872521146, "V11": 0.554535698827133, "V12": 0.653149968746721, "V13": -0.508680417489203, "V14": 1.14133734446121, "V15": -0.721014581218984, "V16": -0.678355037733529, "V17": -0.425979656140295, "V18": 0.0809272074891486, "V19": 0.59032668185764, "V20": 0.0501515460198774, "V21": 0.393088898879014, "V22": 0.969796388930642, "V23": -0.393816698634494, "V24": -0.307854178712583, "V25": 0.711450409170834, "V26": 0.450192064066156, "V27": -0.137116420004095, "V28": -0.0791323376999059, "Time": 20.0, "Amount": 743.66}}