{"id": "afe05128-0125-48f3-ae31-aca2867e39ad", "timestamp": "2025-05-08T20:48:54.325799", "amount": 730.86, "is_fraud": 1, "features": {"V1": -2.78724793061533, "V2": -0.0713403777285035, "V3": -1.50528777523306, "V4": 3.36177713733967, "V5": -3.35742166883665, "V6": 0.565834734346537, "V7": 0.303653111125521, "V8": 0.966914484943676, "V9": -2.24588195188782, "V10": -3.65142656863483, "V11": 0.987277021963291, "V12": -3.83478156926117, "V13": -0.961354142524746, "V14": -3.18216808481143, "V15": -1.1260022842247, "V16": -2.95430081252595, "V17": -5.84121800175148, "V18": -2.91043029785417, "V19": -1.15585017273094, "V20": 1.60739677185147, "V21": 0.882940442444742, "V22": -0.246201930041865, "V23": 1.75222678458672, "V24": 0.219924964544368, "V25": 0.15628169505776, "V26": -0.265894317684036, "V27": 0.220694023253282, "V28": 0.256076869786525}}