{"timestamp": "2025-05-08T20:48:55.002837", "amount": 1402.16, "is_fraud": 1, "features": {"V1": -5.34466537543542, "V2": -0.285760408166142, "V3": -3.83561578178611, "V4": 5.33704802681048, "V5": -7.60990870021268, "V6": 3.8746680317393, "V7": 1.28962992438915, "V8": 0.201741916806601, "V9": -3.00353243733788, "V10": -3.9905513318108, "V11": 4.98601380361468, "V12": -6.11638322304304, "V13": 0.0423244061770454, "V14": -6.04339314434942, "V15": 1.82140103177852, "V16": -4.7454624675489, "V17": -10.0756455907271, "V18": -3.6045960155148, "V19": 1.43529381015392, "V20": -1.56216235780532, "V21": 0.276010822180054, "V22": 1.34204455689584, "V23": -1.01657869464831, "V24": -0.0713612973880671, "V25": -0.335869334726878, "V26": 0.441044176004645, "V27": 1.52061262049821, "V28": -1.11593680318009}}