{"timestamp": "2025-05-08T20:48:58.408954", "amount": 512.25, "is_fraud": 1, "features": {"V1": -1.92745281973369, "V2": 1.82762056700016, "V3": -7.01949468454197, "V4": 5.34830323951426, "V5": -2.73918788004738, "V6": -2.10721929638307, "V7": -5.01584797563431, "V8": 1.20586815982046, "V9": -4.38271250852199, "V10": -8.33770697381781, "V11": 7.19030608944843, "V12": -9.42484446049178, "V13": -0.223292646427513, "V14": -12.8754942229841, "V15": -0.071918160688794, "V16": -6.2999613976222, "V17": -12.719207160428, "V18": -3.74017615583058, "V19": 0.844059610296466, "V20": 2.17270905626492, "V21": 1.37693832294098, "V22": -0.792016725563067, "V23": -0.771414187530036, "V24": -0.379574271539528, "V25": 0.718716522008066, "V26": 1.11115125599517, "V27": 1.27770725705846, "V28": 0.819081152045361}}