{"id": "667f1411-4047-448c-ab38-a8b8fb9054b3", "timestamp": "2025-05-08T20:48:56.566506", "amount": 0.0, "is_fraud": 1, "features": {"V1": -1.73934096431325, "V2": 1.34452078912347, "V3": -0.534379047474665, "V4": 3.19529149873811, "V5": -0.416196142475576, "V6": -1.26196066822182, "V7": -2.34099093949748, "V8": 0.713003645507275, "V9": -1.41626499933122, "V10": -2.9966693020716, "V11": 0.747478135782509, "V12": -4.59661151187479, "V13": -1.92775970193864, "V14": -4.75707449850737, "V15": -1.2478148188713, "V16": -2.53549425081321, "V17": -5.35646454386042, "V18": -1.97474852459452, "V19": -0.603726269220942, "V20": 0.0027494784537285, "V21": 0.38318010845642, "V22": -0.21395221812466, "V23": -0.336639824887574, "V24": 0.23707630076775, "V25": 0.246002931555889, "V26": -0.044227636498999, "V27": 0.510729074882634, "V28": 0.22095159365596}}