{"id": "b5492936-5c37-4cdf-8150-dbcf8ae300bc", "timestamp": "2025-05-08T20:48:57.387243", "amount": 183.11, "is_fraud": 0, "features": {"V1": -0.522878697429941, "V2": 0.712441443528757, "V3": -0.65570947323601, "V4": -0.5108109155171, "V5": 0.940173095186369, "V6": -0.667272146095529, "V7": 2.07317180532698, "V8": -0.334012027272079, "V9": -0.647012134249469, "V10": -1.37006954502853, "V11": -0.895642153947709, "V12": -0.43517522166435, "V13": -0.284321639892189, "V14": -0.859975155452054, "V15": -0.701751613332653, "V16": -0.111970504593155, "V17": 0.675574667084968, "V18": -0.017547513984329, "V19": -0.0893135366059766, "V20": 0.289250475210362, "V21": 0.0719333151966282, "V22": -0.0022892157629391, "V23": 0.0837610094225889, "V24": 0.601016358638671, "V25": 0.177654087128184, "V26": 0.48395753200393, "V27": -0.0029498530990143, "V28": 0.173011198546651}}