{"id": "03878349-0a18-4aab-aaaf-3d8f5ceca519", "timestamp": "2025-05-08T20:48:58.410953", "amount": 1.0, "is_fraud": 1, "features": {"V1": 0.0073790751145725, "V2": 2.36518252886777, "V3": -2.60028738169342, "V4": 1.11160176466249, "V5": 3.2764413263667, "V6": -1.7761407852846, "V7": 2.11453088108345, "V8": -0.830084106599812, "V9": 0.900489974281822, "V10": -3.37617706712688, "V11": 2.05681205985716, "V12": -3.9842567303491, "V13": 1.02196791340796, "V14": -5.96790496861639, "V15": -1.15160831490592, "V16": 1.67973960141233, "V17": 5.58611468683053, "V18": 2.78913115591619, "V19": -2.24107485298106, "V20": -0.0063884972816308, "V21": -0.563944162060269, "V22": -0.902099515410175, "V23": -0.404382448597275, "V24": -0.0129439005065412, "V25": 0.589836154947909, "V26": -0.734449052212668, "V27": -0.447529183217452, "V28": -0.362374775122343}}