{"id": "4ff3df25-2ef5-4547-a744-b873455dee2d", "timestamp": "2025-05-08T20:48:58.183444", "amount": 20.39, "is_fraud": 1, "features": {"V1": -0.468781015856448, "V2": 1.00191499673328, "V3": 1.2444749222949, "V4": 0.898174565148996, "V5": 0.309711894760829, "V6": -0.875715550918207, "V7": 0.775462007968902, "V8": -0.15384106318762, "V9": -0.644389330585174, "V10": -0.0385222861234341, "V11": -0.3852386307435, "V12": 0.292445987675283, "V13": 0.782121233926255, "V14": 0.170216777312388, "V15": 0.943734171100447, "V16": -0.371879556926681, "V17": -0.230422837650432, "V18": 0.0207289798828959, "V19": 0.391860573635845, "V20": 0.265330328041356, "V21": 0.142161620965843, "V22": 0.539078733146352, "V23": -0.100088942920618, "V24": 0.418182656154849, "V25": -0.15457199368462, "V26": -0.320392969857422, "V27": 0.410506809449608, "V28": 0.232237476217196}}