{"id": "88ad7352-e03f-44c9-9c33-7cc024c5dadd", "timestamp": "2025-05-08T20:48:55.264464", "amount": 1.54, "is_fraud": 0, "features": {"V1": 2.08767362899445, "V2": 0.16242670895598, "V3": -1.98181713575384, "V4": -0.0357080575503455, "V5": 0.515398090901458, "V6": -1.54540973701886, "V7": 0.774698186625793, "V8": -0.532637152520624, "V9": -0.195699847449711, "V10": 0.165972911035792, "V11": 1.30983188491116, "V12": 1.44666976342538, "V13": 0.676537823828265, "V14": 0.842099134393647, "V15": -0.433326773160634, "V16": -0.518937604560429, "V17": -0.517624770921394, "V18": -0.194026672709428, "V19": 0.353099975404408, "V20": -0.185234121942416, "V21": 0.214820367694045, "V22": 0.781755056008969, "V23": -0.0514668702987032, "V24": 0.160924112994887, "V25": 0.42673970760621, "V26": 0.212386056874456, "V27": -0.0835056960610775, "V28": -0.0864920032622477}}