{"id": "35710a3e-02d2-45c6-9839-f717fae78b90", "timestamp": "2025-05-08T20:48:55.619715", "amount": 143.86, "is_fraud": 1, "features": {"V1": -0.390876830287101, "V2": 0.308616555327549, "V3": -0.184678811559463, "V4": -0.111140125298772, "V5": -0.384312265901371, "V6": -1.00641493732311, "V7": -0.275276389460475, "V8": -0.0339861864081707, "V9": -1.77140359384494, "V10": 0.941336821135772, "V11": -0.652311578474198, "V12": -0.620158589222339, "V13": 1.08842731004447, "V14": 0.260332283667668, "V15": 1.4449518803708, "V16": -0.139503090321527, "V17": 1.20499631137758, "V18": -0.837027467297203, "V19": 3.16040330959112, "V20": 0.276555743801043, "V21": 0.630852080957182, "V22": 1.72181172040078, "V23": -0.294057700008194, "V24": 0.102090430437219, "V25": -0.57329941442832, "V26": 0.394876957800425, "V27": -0.142611675583039, "V28": 0.136213385468227}}