{"id": "b6e0ec0b-641a-444c-9a36-611d8ea97827", "timestamp": "2025-05-08T20:48:55.406617", "amount": 3.99, "is_fraud": 0, "features": {"V1": -1.51523799064869, "V2": 1.48360332075361, "V3": 0.811098788805295, "V4": -0.650011394780602, "V5": -0.824124256200781, "V6": -0.8341000209203, "V7": -0.101803990424741, "V8": 0.98302450021124, "V9": -0.314327371536341, "V10": -0.61280380764516, "V11": 0.769695268363676, "V12": 0.833619277881771, "V13": -0.827358533589851, "V14": 0.798785422158618, "V15": -1.00174717071462, "V16": 0.383580570917638, "V17": -0.0998470534775997, "V18": -0.0120956582780568, "V19": -0.0449692753684066, "V20": -0.120316631584423, "V21": -0.0825965648601914, "V22": -0.326749996240536, "V23": 0.057556207837881, "V24": 0.529516101925249, "V25": -0.197538489528788, "V26": 0.275030618059802, "V27": 0.150910869810886, "V28": 0.104462501938131, "Time": 20.0, "Amount": 3.99}}