{"id": "42704cd3-448a-432c-aae8-1b5fea39dab2", "timestamp": "2025-05-08T20:48:58.278110", "amount": 2628.08, "is_fraud": 1, "features": {"V1": 2.07894630473733, "V2": 0.214212681100145, "V3": -1.70900445024758, "V4": 0.39751329304835, "V5": 0.512402757802148, "V6": -0.831603426292416, "V7": 0.238892135235777, "V8": -0.278576364709172, "V9": 0.376748353385099, "V10": -0.401642207862739, "V11": -0.479433938936965, "V12": 0.553606747249345, "V13": 0.872077748299295, "V14": -1.00644645659028, "V15": 0.121553037485532, "V16": 0.294570814384403, "V17": 0.408451392451385, "V18": -0.388172038439016, "V19": 0.0675523580594422, "V20": -0.10263196419126, "V21": -0.358823791421267, "V22": -0.889223685919406, "V23": 0.323429105938525, "V24": 0.503834780231996, "V25": -0.224047309132425, "V26": 0.172268332809747, "V27": -0.0575890390338815, "V28": -0.0292410052885116, "Time": 20.0, "Amount": 2628.08}}