{"timestamp": "2025-05-08T20:48:56.003986", "amount": 238.05, "is_fraud": 0, "features": {"V1": -0.883057315237978, "V2": 0.010201931840642, "V3": 1.2719812306274, "V4": -1.11574666463006, "V5": -0.515748754295393, "V6": -0.412279658975409, "V7": 1.47664350676492, "V8": -0.141632957324186, "V9": 0.178528883488703, "V10": -1.44370740339627, "V11": -0.905199613633977, "V12": 0.425482925432011, "V13": 0.616676245113804, "V14": -0.236670303629893, "V15": -0.121487724979085, "V16": 0.369030648630711, "V17": -0.812135607339883, "V18": -0.248045007209106, "V19": -0.626359352543009, "V20": 0.375264763269513, "V21": -0.0235677586703403, "V22": -0.443961824385449, "V23": 0.507965938142622, "V24": -0.0009792637904166, "V25": -0.284100119682746, "V26": -0.43624404507517, "V27": 0.0364493072995302, "V28": 0.165876831457846}}