{"id": "42b9f69b-7cc0-455e-9d90-986bfa6c83ca", "timestamp": "2025-05-08T20:48:54.678406", "amount": 42.18, "is_fraud": 1, "features": {"V1": -6.63772530922665, "V2": 6.0633086815464, "V3": -5.39093412907836, "V4": -1.59816030088929, "V5": -2.08385651696113, "V6": -0.816137895146278, "V7": -2.05598529941379, "V8": 3.46386005094143, "V9": 2.45926549361877, "V10": 4.19782317731338, "V11": -1.34930429620504, "V12": 0.748173393629689, "V13": -0.946256072174648, "V14": 1.84185440816769, "V15": 0.0610128998695386, "V16": 0.646741820682793, "V17": 0.0018624692104604, "V18": 1.18231183910685, "V19": 0.168948172462688, "V20": 1.61724200592883, "V21": 0.0592858174071195, "V22": 0.61902021097738, "V23": 0.350288164282962, "V24": -1.53585603299993, "V25": 0.440836923874604, "V26": -0.0681216905060975, "V27": 1.31148776460969, "V28": 0.724244978515422, "Time": 20.0, "Amount": 42.18}}