{"timestamp": "2025-05-08T20:48:56.737503", "amount": 10.7, "is_fraud": 1, "features": {"V1": -3.81821371829341, "V2": 2.55133767783118, "V3": -4.75915831591909, "V4": 1.63696695878653, "V5": -1.16790008391088, "V6": -1.67841338780471, "V7": -3.14473247208576, "V8": 1.24510555037845, "V9": -1.69254135414833, "V10": -4.75993137385013, "V11": 3.64225693939881, "V12": -4.165202322571, "V13": 0.703069875094878, "V14": -7.62431631397779, "V15": -1.49801239964762, "V16": -4.07999232998846, "V17": -6.71717654755023, "V18": -1.88754964911755, "V19": 1.35674828969143, "V20": 0.164453445972909, "V21": 0.837685440079622, "V22": 0.761712127064149, "V23": -0.417694265920243, "V24": -0.469712471536136, "V25": -0.225934235750846, "V26": 0.586415248500604, "V27": -0.348107405939032, "V28": 0.0877768724326224}}