{"timestamp": "2025-05-08T20:48:56.433279", "amount": 6.97, "is_fraud": 0, "features": {"V1": -0.948693128709214, "V2": 0.545138703718054, "V3": 2.12288473556003, "V4": -0.11724499575316, "V5": 0.475689097138444, "V6": 0.581636112095372, "V7": 0.705228067295822, "V8": -0.192507989141735, "V9": 0.285409408881646, "V10": 0.13692795371014, "V11": 0.723200669555349, "V12": 0.0115882822819538, "V13": -1.31430683921204, "V14": -0.396912304341331, "V15": -0.76191520480008, "V16": -0.651858944863301, "V17": -0.105263328162005, "V18": -0.174258680683557, "V19": 0.526157264837285, "V20": -0.0270090919804307, "V21": -0.050315127044952, "V22": 0.218778802641588, "V23": -0.417297478550491, "V24": -0.279093742699083, "V25": 0.327001952095166, "V26": 0.413414809757415, "V27": -0.718627860200396, "V28": -0.365487813292004}}