{"id": "b09f925e-6217-4962-b69d-4e5314098008", "timestamp": "2025-05-08T20:48:56.729502", "amount": 78.64, "is_fraud": 0, "features": {"V1": -1.70104856892316, "V2": 1.13149502515572, "V3": 0.707110277373172, "V4": -0.659186935608973, "V5": 0.836828715630342, "V6": -0.264376281092583, "V7": 0.764494379611553, "V8": -0.0492033818613379, "V9": -0.676639746387809, "V10": -0.085005978950308, "V11": 0.637043578444801, "V12": 1.09578918741986, "V13": 1.02978339753982, "V14": 0.109935987091938, "V15": -0.597457170983724, "V16": -0.113626877457624, "V17": -0.500609223603796, "V18": -0.246411493064753, "V19": 1.08106307736851, "V20": -0.100946714880398, "V21": -0.196193046076634, "V22": -0.689457262303879, "V23": -0.464929796192488, "V24": -0.502863986057199, "V25": 0.40247774262311, "V26": 0.321307832398986, "V27": -1.00744800523524, "V28": -0.175031566635313}}