{"id": "152c4044-2415-4291-805b-1aca69d0b54a", "timestamp": "2025-05-08T20:48:54.284792", "amount": 16.99, "is_fraud": 0, "features": {"V1": -1.96444176318714, "V2": -2.64335544539086, "V3": -0.0753990490342263, "V4": -0.640973429465723, "V5": 4.83792641742542, "V6": 2.35919620254789, "V7": -2.26954733109883, "V8": 1.3620553137833, "V9": 0.695755799689688, "V10": -0.482522968904331, "V11": -0.474363794431093, "V12": 0.29880289849976, "V13": -0.0654343197867034, "V14": 0.0876211067979273, "V15": 0.779836769886795, "V16": -0.286711430859737, "V17": -0.464072908758506, "V18": 0.389708903738496, "V19": 0.0168895399006881, "V20": 0.681610405560038, "V21": 0.549348215697284, "V22": 0.881300793881928, "V23": 0.45246367773477, "V24": 0.72132722471108, "V25": -0.633559650463867, "V26": -0.243287171422471, "V27": 0.192000342420791, "V28": 0.281183741491677, "Time": 20.0, "Amount": 16.99}}