{"timestamp": "2025-05-08T20:48:55.705524", "amount": 1.59, "is_fraud": 0, "features": {"V1": -0.913692281861475, "V2": 2.06011131518111, "V3": 0.877667951587446, "V4": 4.3348705880299, "V5": -0.420092393755063, "V6": 1.13531394732222, "V7": -0.774398131629233, "V8": 1.1644922782417, "V9": -1.42012056773538, "V10": 1.44988222223522, "V11": -2.29227513631251, "V12": -0.678692844431157, "V13": 0.403697907088985, "V14": 0.320430894595652, "V15": 0.643259660045117, "V16": 0.493244419285899, "V17": 0.122130068388911, "V18": 0.902761205361064, "V19": 1.1799547598081, "V20": 0.220225467982172, "V21": 0.28698635723662, "V22": 0.952724999672442, "V23": -0.140394036589944, "V24": -0.702396006471918, "V25": -0.473830169814534, "V26": 0.556728035098044, "V27": 0.354903859926075, "V28": 0.196359912204758}}