{"timestamp": "2025-05-08T20:48:55.405613", "amount": 25.0, "is_fraud": 0, "features": {"V1": 2.20697844954794, "V2": -0.581816739951463, "V3": -1.35735143567993, "V4": -0.834693757506553, "V5": -0.3668105557828, "V6": -1.27902602989029, "V7": -0.0783696346562071, "V8": -0.501651514245796, "V9": -0.695389910136272, "V10": 0.744448111151107, "V11": -0.57779995226978, "V12": 0.318048613672937, "V13": 1.5954615939457, "V14": -0.330290908264172, "V15": -0.470198310234692, "V16": 0.596552523462245, "V17": 0.255216308543475, "V18": -2.00750190031327, "V19": 0.867141588963103, "V20": 0.0716422063913382, "V21": 0.0417250395236817, "V22": 0.208994946889277, "V23": 0.145115050525292, "V24": -0.0583557687064946, "V25": 0.0531054544592745, "V26": -0.278284902746241, "V27": -0.0328164840700391, "V28": -0.0592197405806611}}