{"id": "5503e3ee-5318-4597-aa1e-83434467fa81", "timestamp": "2025-05-08T20:48:56.851137", "amount": 34.94, "is_fraud": 0, "features": {"V1": -1.63665610652649, "V2": 1.24340148031012, "V3": -0.579018998974274, "V4": -1.3735513138842, "V5": 2.27449187269709, "V6": 3.2721123121138, "V7": 0.148142789688229, "V8": 0.943725069196854, "V9": 0.391178105664049, "V10": 1.18892813859009, "V11": -0.0446514853579016, "V12": -0.222529320277217, "V13": -0.0292596303021996, "V14": -0.0935043713448283, "V15": 1.15071197509071, "V16": 0.426151129155818, "V17": -0.972799957726829, "V18": 0.0133376250073322, "V19": 0.274216062370012, "V20": 0.719363345106651, "V21": -0.486621386326943, "V22": -0.968462108637649, "V23": -0.0812104338402344, "V24": 0.976112194282492, "V25": 0.141126455736121, "V26": 0.0489948355041818, "V27": 0.227088412084489, "V28": -0.0715602774126161, "Time": 20.0, "Amount": 34.94}}