{"id": "b0a6b157-066c-4dcf-b150-30078ccbee4c", "timestamp": "2025-05-08T20:48:57.341242", "amount": 32.01, "is_fraud": 0, "features": {"V1": -2.36617172453101, "V2": -1.79712179663161, "V3": 0.312251554194885, "V4": -2.15453301398776, "V5": -0.175409450475174, "V6": -0.671675983886676, "V7": -0.227171504079397, "V8": 0.279974698751642, "V9": -2.7804026246348, "V10": 0.92828600719262, "V11": 0.881167191777379, "V12": -0.361496311311801, "V13": 0.231365145746214, "V14": 0.217139036344596, "V15": -0.588100863225732, "V16": -0.155359905272813, "V17": 0.368299806842584, "V18": -0.260608576781868, "V19": -0.35035565650144, "V20": -0.951615115632076, "V21": -0.52139573322141, "V22": -0.87886363359083, "V23": 0.894485872488017, "V24": -0.371351904040662, "V25": -0.159521208067075, "V26": -0.660152854741615, "V27": -0.0108627726353003, "V28": -0.0449131719550899, "Time": 20.0, "Amount": 32.01}}