{"id": "752cff59-0de4-437e-a5d0-1b0993fcb9cb", "timestamp": "2025-05-08T20:48:55.730001", "amount": 29.02, "is_fraud": 1, "features": {"V1": -0.925524701705499, "V2": 0.0143672917415121, "V3": 0.850032858330506, "V4": -3.43102196469813, "V5": -0.193611707255115, "V6": 0.575375739840606, "V7": -0.611829051627996, "V8": 0.623425209771452, "V9": -2.54853117617364, "V10": 0.4902345781021, "V11": -0.435741197154181, "V12": -0.0974777881894865, "V13": 1.70348781204907, "V14": -0.53755299979926, "V15": -1.41127714851602, "V16": 0.316359484697824, "V17": -0.338673907609744, "V18": 0.858240355922604, "V19": -0.0994006817572383, "V20": -0.174055666424454, "V21": -0.163767073627855, "V22": -0.119627068241842, "V23": -0.457207502665785, "V24": -0.343547972397451, "V25": 0.852780835169544, "V26": -0.107841427131918, "V27": 0.155054243865452, "V28": 0.0268695296975024, "Time": 20.0, "Amount": 29.02}}