{"id": "23af3fdb-ee21-44e4-a8b9-c35872872d89", "timestamp": "2025-05-08T20:48:57.972070", "amount": 1.0, "is_fraud": 1, "features": {"V1": -13.1926709562391, "V2": 12.785970638298, "V3": -9.90665002092758, "V4": 3.32033688288942, "V5": -4.80117593230105, "V6": 5.76005855618556, "V7": -18.7508891580107, "V8": -37.3534426378925, "V9": -0.391539743919107, "V10": -5.05250236713858, "V11": 4.40680552357904, "V12": -4.61075647740608, "V13": -1.90948796970811, "V14": -9.07271093398351, "V15": -0.226074450896345, "V16": -6.21155748212485, "V17": -6.24814535335983, "V18": -3.14924669470095, "V19": 0.0515761185277783, "V20": -3.49304991519446, "V21": 27.2028391573154, "V22": -8.88701714094871, "V23": 5.30360690376998, "V24": -0.639434802306313, "V25": 0.263203123457008, "V26": -0.108876929971315, "V27": 1.26956635541013, "V28": 0.939407362758877}}