{"id": "2d11236f-4b49-4f29-8ce9-1cea2e8f6601", "timestamp": "2025-05-08T20:48:57.018496", "amount": 38.79, "is_fraud": 0, "features": {"V1": -1.48760610601345, "V2": 0.51846771927924, "V3": 2.68566356683576, "V4": 1.61822697612656, "V5": 0.926822667315856, "V6": -0.875400391379124, "V7": 0.665810902335631, "V8": -0.289885543789524, "V9": -1.18836168852948, "V10": 0.24938482274959, "V11": -0.135477148717668, "V12": 0.332346335138851, "V13": 1.17280638946393, "V14": -0.440396520004249, "V15": 0.0210778415125146, "V16": 0.771431300150422, "V17": -0.970712963722091, "V18": -0.424121705062084, "V19": -1.60947675998103, "V20": -0.0060339495380467, "V21": -0.0536211055669266, "V22": -0.137639152074363, "V23": -0.233604933281697, "V24": 0.726118972500133, "V25": 0.277692245141466, "V26": -0.270495069016476, "V27": -0.229056369215902, "V28": -0.0983843047149831}}