{"timestamp": "2025-05-08T20:48:57.886603", "amount": 1.0, "is_fraud": 1, "features": {"V1": -3.89119195123086, "V2": 7.09891625215749, "V3": -11.4264670967961, "V4": 8.60755678650129, "V5": -2.06570621026229, "V6": -2.98528802203595, "V7": -8.13858941693861, "V8": 2.97392807853452, "V9": -6.27279046836547, "V10": -13.1934150665232, "V11": 11.6197234753825, "V12": -17.6316063138707, "V13": -0.355194389515515, "V14": -18.8220867423816, "V15": -1.2831290856146, "V16": -10.0310966568698, "V17": -15.2270075099256, "V18": -5.32200898058982, "V19": -0.501750653452579, "V20": 1.38261899967275, "V21": 1.75708522742867, "V22": -0.18970915318715, "V23": -0.508629244173448, "V24": -1.18930816877394, "V25": 1.18853649934791, "V26": 0.605241885913626, "V27": 1.8815287524148, "V28": 0.875260407222375}}