{"id": "063302f5-6856-4837-b72a-3b5b275082ff", "timestamp": "2025-05-08T20:48:57.552328", "amount": 0.54, "is_fraud": 0, "features": {"V1": -1.39144546280064, "V2": 1.07086936299716, "V3": -0.32172677341821, "V4": -0.234542285035529, "V5": 0.343362708542733, "V6": -0.0753382529382224, "V7": -0.494794865108698, "V8": 0.705780215447725, "V9": 0.533289053792062, "V10": -0.835073798259658, "V11": -1.30577231916972, "V12": -0.170928070391834, "V13": 0.208865569975794, "V14": -1.04004758994767, "V15": 1.17241005077574, "V16": 0.459814323045993, "V17": 0.768924955316643, "V18": 0.751599397629859, "V19": 1.04911840723613, "V20": -0.0785983758897062, "V21": -0.195872640704124, "V22": -0.512457110249814, "V23": -0.13098361610814, "V24": -0.0751559666877986, "V25": -0.906551850341931, "V26": -0.220211481021708, "V27": -0.250508099080373, "V28": -0.157317027541524}}