{"id": "3abc2f87-a4cf-43aa-84a0-c58187e8d07b", "timestamp": "2025-05-08T20:48:55.962989", "amount": 20.99, "is_fraud": 0, "features": {"V1": 0.674675527994696, "V2": -1.05055576121429, "V3": 0.445946287859801, "V4": 0.221184549052273, "V5": -0.73304414033826, "V6": 0.582733792028667, "V7": -0.324906169797587, "V8": 0.301604607258126, "V9": 0.427646339156897, "V10": -0.251688459458214, "V11": 1.54393854933472, "V12": 0.919206617076629, "V13": -0.560196226730671, "V14": 0.266605560839414, "V15": 0.361944401951237, "V16": -0.20937558958873, "V17": 0.214484843790174, "V18": -0.745294609372295, "V19": -0.384580204957434, "V20": 0.308269369723288, "V21": 0.170064549022171, "V22": 0.111481294564283, "V23": -0.14442662110346, "V24": -0.211977074332695, "V25": -0.0150230560552804, "V26": 1.03314881643273, "V27": -0.0752581690074802, "V28": 0.0304150726975879}}