{"id": "7d7eb122-08c2-492f-9d45-63dc5d8d7757", "timestamp": "2025-05-08T20:48:55.390618", "amount": 75.11, "is_fraud": 0, "features": {"V1": -6.81250694382242, "V2": 0.374458920604313, "V3": -2.90475668929138, "V4": 1.30108136896612, "V5": -3.63750393328398, "V6": -0.616876486864908, "V7": -2.07363209824031, "V8": 3.36843605658796, "V9": -0.626420562802569, "V10": -2.03471531925378, "V11": -1.66767363190918, "V12": 1.76375484564226, "V13": 0.544092034293893, "V14": 2.44051939617204, "V15": -0.125076210709462, "V16": 1.26259910877937, "V17": 1.13485597897079, "V18": -0.173114937768084, "V19": -1.61812337276834, "V20": -1.88102859072644, "V21": 0.589800953802428, "V22": 0.638142087488753, "V23": -1.08299410095784, "V24": 0.566800161793338, "V25": -0.753219496926687, "V26": -0.651293640367796, "V27": -1.52251587380671, "V28": -1.04145359186942}}