{"id": "7140a52e-8311-4149-aeca-c559db1e0b10", "timestamp": "2025-05-08T20:48:56.448797", "amount": 21.59, "is_fraud": 0, "features": {"V1": 1.21037979608743, "V2": 0.407077559836414, "V3": 0.669859615877136, "V4": 1.18164903222847, "V5": -0.483431182357189, "V6": -1.04980692471059, "V7": 0.151768784371941, "V8": -0.249650379775181, "V9": -0.0846179447620497, "V10": -0.0330745353895672, "V11": 0.0811834394642477, "V12": 0.808829009841526, "V13": 0.875780557995247, "V14": 0.161057858383053, "V15": 0.917647330427228, "V16": 0.0607420767705518, "V17": -0.416173052516488, "V18": -0.386243324873785, "V19": -0.500949529079476, "V20": -0.0954431632606686, "V21": -0.0401111056284013, "V22": -0.046869716316211, "V23": 0.0274224736308666, "V24": 0.713265500739713, "V25": 0.49860740203307, "V26": -0.484316734927767, "V27": 0.0307941969344463, "V28": 0.0316634692490678}}