{"id": "79ce2903-cc3b-4b0b-8739-a975eac429ee", "timestamp": "2025-05-08T20:48:57.899604", "amount": 165.67, "is_fraud": 0, "features": {"V1": 1.24649907264625, "V2": -0.970316642629898, "V3": 1.2178171217728, "V4": -0.369658684924094, "V5": -1.9238985271923, "V6": -0.702614232123452, "V7": -1.15534367048237, "V8": 0.0351608259912633, "V9": 0.0395997626174015, "V10": 0.518327718326629, "V11": -0.452321333421104, "V12": -0.929454998400714, "V13": -0.890862243362836, "V14": -0.469159169868932, "V15": 0.45814985309, "V16": 1.14432461112872, "V17": 0.494360976575577, "V18": -0.991827880080506, "V19": 0.32887125817739, "V20": 0.0851540645635775, "V21": 0.343954468331765, "V22": 0.912469112520528, "V23": -0.0898957281512203, "V24": 0.736570038379339, "V25": 0.359925409481811, "V26": -0.0676295401625954, "V27": 0.0348658748534148, "V28": 0.0343696728260455}}