{"timestamp": "2025-05-08T20:48:57.524837", "amount": 45.51, "is_fraud": 1, "features": {"V1": -0.408110816961726, "V2": 3.13294449795257, "V3": -3.09802976350239, "V4": 5.80389261500645, "V5": 0.890608919007457, "V6": -0.501474323471098, "V7": -0.440054283341639, "V8": 0.591828268527081, "V9": -3.26769325879204, "V10": -2.22307032799021, "V11": 0.757063214391669, "V12": -3.5018037792943, "V13": 0.246742224128631, "V14": -6.0656218797665, "V15": 0.339583134189158, "V16": -1.00572315400358, "V17": 0.334315623693923, "V18": 0.421261362446254, "V19": 1.24714263088632, "V20": 0.499567913131525, "V21": 0.0984823222449585, "V22": -0.538374705312947, "V23": -0.217988987498016, "V24": -1.04265661749863, "V25": 0.314388820647828, "V26": 0.54324357594221, "V27": 0.233851015408581, "V28": 0.119603460907874}}