{"id": "76f89dab-6738-4393-a37d-428f2861f50a", "timestamp": "2025-05-08T20:48:55.109248", "amount": 21.27, "is_fraud": 0, "features": {"V1": -0.826841470707931, "V2": -0.478330898337321, "V3": 0.342145513772352, "V4": -2.83813615779725, "V5": 1.96239585513247, "V6": -1.10638019042314, "V7": 0.812394564639969, "V8": -0.471474730740127, "V9": -1.5469134467478, "V10": -0.147422356716989, "V11": -1.18367548760181, "V12": -0.419980409378609, "V13": 1.60876204028051, "V14": -0.548090049143248, "V15": -0.840308686558176, "V16": 1.33665097122558, "V17": -0.767903657590879, "V18": -1.65859498168265, "V19": -0.278475348213597, "V20": 0.389903957860792, "V21": 0.0899536770443733, "V22": -0.004617999752649, "V23": -0.181822136275081, "V24": 0.0535549258331473, "V25": 0.448875022515139, "V26": -0.510441838623421, "V27": -0.169954337941804, "V28": -0.10335369616053, "Time": 20.0, "Amount": 21.27}}