{"id": "9f0f63c6-a865-473d-bf8b-88387cf02740", "timestamp": "2025-05-08T20:48:54.555183", "amount": 30.99, "is_fraud": 0, "features": {"V1": -4.15294197459847, "V2": -3.86212590304895, "V3": -0.731664554001568, "V4": 2.14642888768795, "V5": 3.19998711154578, "V6": -1.843728254917, "V7": -0.293220209298615, "V8": 0.516927767039193, "V9": -1.25969037165491, "V10": -0.444701413101052, "V11": 0.512953047127292, "V12": 1.08485722671644, "V13": 0.269927227563946, "V14": 1.24073252054036, "V15": -0.755002306017574, "V16": -0.823543616488728, "V17": 0.192699742390901, "V18": 0.389611140546014, "V19": 1.00582784668174, "V20": 1.75643540364702, "V21": 0.756578207014945, "V22": 0.168764118281946, "V23": 0.219157773597753, "V24": 0.741919056994042, "V25": 0.554642836075126, "V26": -0.405182236182517, "V27": -0.016092993342065, "V28": -0.606411327817208}}