{"id": "3a8c84b3-bdf4-4c91-b622-3385557cbc8a", "timestamp": "2025-05-08T20:48:56.272590", "amount": 39.9, "is_fraud": 0, "features": {"V1": -0.644977569380902, "V2": 0.689499286046992, "V3": 2.51028947306157, "V4": 1.20649935812158, "V5": -0.58423250386879, "V6": 0.531324553252439, "V7": 0.346097972522036, "V8": 0.212617020688653, "V9": 0.528009535428303, "V10": -0.812206021301037, "V11": -0.613716403161338, "V12": 1.35176933192063, "V13": 0.558435616891078, "V14": -1.05030602184086, "V15": -2.05511326370946, "V16": -1.45424804406557, "V17": 0.919751252428906, "V18": -1.48093789653876, "V19": 0.132002604528834, "V20": -0.124809032202603, "V21": -0.277463074275198, "V22": -0.347665947868593, "V23": 0.0084383998261881, "V24": 0.622772995080677, "V25": -0.0839956810310178, "V26": -0.598795403122182, "V27": 0.029305612716882, "V28": 0.0661424574762742}}