{"id": "209ceccf-b90e-4916-ab69-08778f90f410", "timestamp": "2025-05-08T20:48:54.890714", "amount": 170.0, "is_fraud": 0, "features": {"V1": 1.75100274015757, "V2": -0.899022523808231, "V3": -0.956427716531367, "V4": 0.195158145467308, "V5": -0.327050545061156, "V6": 0.0472815354235891, "V7": -0.324784134075774, "V8": 0.0088046519304099, "V9": 1.1087551116928, "V10": -0.0679572860430247, "V11": -1.48160417412631, "V12": -0.0917112869738998, "V13": -0.15254651486144, "V14": 0.0121717382457455, "V15": 0.677098183750491, "V16": 0.682273068311018, "V17": -0.744021197780888, "V18": -0.156445875562179, "V19": 0.189793066100512, "V20": 0.162697713269144, "V21": -0.221401066523669, "V22": -0.958550566784374, "V23": 0.254923790134913, "V24": 0.0674231139645158, "V25": -0.610120394343462, "V26": 0.22372840266838, "V27": -0.0786645926214124, "V28": -0.0162785606361983}}