{"id": "b1f2c707-0661-4bb3-b62d-e3c3cd82762f", "timestamp": "2025-05-08T20:48:57.814908", "amount": -0.01, "is_fraud": 0, "features": {"V1": 1.62247784678109, "V2": -1.45532251061041, "V3": -2.79957650217349, "V4": -0.144265158145484, "V5": -0.205684464913239, "V6": -1.65930728619473, "V7": 0.978122984847254, "V8": -0.737646460366614, "V9": -1.05442402424999, "V10": 0.913602735514044, "V11": -1.28238313364957, "V12": -0.713749136865442, "V13": -0.772214312287777, "V14": 0.930251147168901, "V15": -0.241655070689602, "V16": -2.16512951955219, "V17": 0.200810316543555, "V18": 0.817844094225936, "V19": -0.712655397630037, "V20": -0.0164702896948736, "V21": 0.0779202050331153, "V22": 0.0766260797131146, "V23": -0.391759994547051, "V24": -0.0428476882013378, "V25": 0.371643595501306, "V26": 0.99412445741484, "V27": -0.190504293752504, "V28": -0.0373522659825246, "Time": 20.0, "Amount": -0.01}}