{"id": "ecad86c9-3902-4a7a-a206-96e81bb57a26", "timestamp": "2025-05-08T20:48:54.176657", "amount": 290.01, "is_fraud": 0, "features": {"V1": -0.129563833990842, "V2": 1.018722319494, "V3": -0.996555521193622, "V4": 0.0037565462424754, "V5": 0.103813346022983, "V6": -1.30561924310523, "V7": 0.969142400600326, "V8": 0.0711066857010882, "V9": -0.294094289972264, "V10": -1.29794372879378, "V11": -0.638740601276047, "V12": -0.138171807803831, "V13": 0.0334669767700181, "V14": -0.591326367353943, "V15": 0.655581680768902, "V16": 0.215833948414284, "V17": 0.678940092331874, "V18": 0.809062066024405, "V19": -0.231806767363083, "V20": -0.0332340612501529, "V21": 0.392843377748191, "V22": 0.984826718523927, "V23": 0.0732144379457897, "V24": -0.038054710016907, "V25": -0.30542446151312, "V26": -0.158653285987897, "V27": -0.0319296682400859, "V28": 0.0476707546314272}}