{"timestamp": "2025-05-08T20:48:57.079951", "amount": 88.23, "is_fraud": 1, "features": {"V1": -8.42681446458936, "V2": 6.24165891255794, "V3": -9.94646974501132, "V4": 8.19961393161759, "V5": -8.21309336768256, "V6": -2.52204605104398, "V7": -11.6430282742756, "V8": 5.33950009801351, "V9": -7.05101582770698, "V10": -12.2653238444006, "V11": 7.04773274001302, "V12": -13.7429528415799, "V13": 0.821627223133927, "V14": -14.1074642630375, "V15": 1.02047093981622, "V16": -11.8478871921138, "V17": -21.6739867132891, "V18": -7.78404247450965, "V19": 3.20430921695579, "V20": 0.563869352833826, "V21": 2.42746037443776, "V22": 0.692666548056743, "V23": 0.0203051671536146, "V24": 0.499809093124917, "V25": 0.467593621860553, "V26": 0.483161969665241, "V27": 1.19567086957704, "V28": 0.198294350072086}}